<?xml version="1.0" encoding="UTF-8"?>
<metadata>
  <input>
    <extent>
      <minx>53.89922306170409</minx>
      <miny>26.481575147706675</miny>
      <maxx>53.92806217303222</maxx>
      <maxy>26.598991529542612</maxy>
    </extent>
    <trackid>829</trackid>
    <beam>gt2r</beam>
    <date>2021-02-16</date>
  </input>
  <output>
    <csv>
      <latitude>
        <hdf5_mapping>/gtxx/heights/lat_ph</hdf5_mapping>
        <description>Latitude of each received photon. Computed from the ECF Cartesian coordinates of the bounce point.</description>
      </latitude>
      <longitude>
        <hdf5_mapping>/gtxx/heights/lon_ph</hdf5_mapping>
        <description>Longitude of each received photon. Computed from the ECF Cartesian coordinates of the bounce point.</description>
      </longitude>
      <photon_height>
        <hdf5_mapping>/gtxx/heights/h_ph</hdf5_mapping>
        <description>Height of each received photon, relative to the WGS-84 ellipsoid including the geophysical corrections noted in Section 6. Please note that neither the geoid, ocean tide nor the dynamic atmosphere (DAC) corrections are applied to the ellipsoidal heights.</description>
      </photon_height>
      <confidence_code>
        <description>Confidence level associated with each photon event selected as signal. 0=noise. 1=added to allow for buffer but algorithm classifies as background; 2=low; 3=med; 4=high).  This parameter is a 5xN array where N is the number of photons in the granule, and the 5 rows indicate signal finding for each surface type (in order: land, ocean, sea ice, land ice and inland water). Events not associated with a specific surface type have a confidence level of -1. Events evaluated as TEP returns have a confidence level of -2.</description>
      </confidence_code>
    </csv>
    <files>
      <file>
        <filename>2021-02-16/processed_ATL03_20210216071011_08291007_004_01.h5</filename>
        <segmentId_start>854349</segmentId_start>
        <segmentId_end>855000</segmentId_end>
        <photon_count>93696</photon_count>
    </file>
    </files>
  </output>
</metadata>
